﻿<?xml version="1.0" encoding="utf-8" standalone="no" ?>
<modDesc descVersion="92">
    <author>JimboSweeny</author>
    <version>1.0.0.0</version>
    <title>
        <en>FS25_Trio_Island</en>
        <de>FS25_Trio_Island</de>
    </title>
    <description>
        <en><![CDATA[3 Identical islands with one central made for a challenge.]]></en>
        <de><![CDATA[Dies ist die Beispiel Mod Map US.]]></de>
    </description>
    <iconFilename>map_icon.dds</iconFilename>
    <multiplayer supported="true"/>
    <maps>
        <map id="SampleModMap" className="Mission00" filename="$dataS/scripts/mission00.lua" configFilename="map/xml/map.xml" defaultVehiclesXMLFilename="map/xml/vehicles.xml" defaultPlaceablesXMLFilename="map/xml/placeables.xml" defaultItemsXMLFilename="map/xml/items.xml" defaultHandToolsXMLFilename="map/xml/handtools.xml">
            <title>
                <en>FS25_Trio_Island</en>
                <de>FS25_Trio_Island</de>
            </title>
            <description>
                <en>3 Identical islands with one central made for a challenge.</en>
                <de>Dies ist die Beispiel Mod Map US.</de>
            </description>
            <iconFilename>map_preview.png</iconFilename>
        </map>
    </maps>
    <storeItems>
        <!-- <storeItem xmlFilename="map/xml/sawmill.xml" /> -->
    </storeItems>
</modDesc>
