﻿<?xml version="1.0" encoding="utf-8" standalone="no" ?>
<map xmlns:xsi="http://www.w3.org/2001/XMLSchema-instance" xsi:noNamespaceSchemaLocation="../../../../shared/xml/schema/farmlands.xsd">
    <farmlands infoLayer="farmlands" pricePerHa="400">
        <farmland id="1" priceScale="1" npcName="GRANDPA" defaultFarmProperty="true"/>
        <farmland id="2" priceScale="1" npcName="GRANDPA" defaultFarmProperty="false"/>
        <farmland id="3" priceScale="1" npcName="GRANDPA" defaultFarmProperty="false"/>
        <farmland id="4" priceScale="1" npcName="GRANDPA" defaultFarmProperty="false"/>
        <farmland id="5" priceScale="1" npcName="GRANDPA" defaultFarmProperty="false"/>
        <!-- <farmland id="6" priceScale="1" npcName="FORESTER" /> -->
        <!-- <farmland id="7" priceScale="1" npcName="GRANDPA" /> -->
        <!-- <farmland id="8" priceScale="1" npcName="FARMER" /> -->
        <!-- <farmland id="9" priceScale="1" npcName="ANIMAL_DEALER" /> -->
        <!-- <farmland id="10" priceScale="1" npcName="ANIMAL_DEALER" /> -->
        <!-- <farmland id="11" priceScale="1" npcName="FARMER" /> -->
        <!-- <farmland id="12" priceScale="1" npcName="FORESTER" /> -->
        <!-- <farmland id="13" priceScale="1" npcName="FARMER" /> -->
        <!-- <farmland id="14" priceScale="1" npcName="HELPER" /> -->
        <!-- <farmland id="15" priceScale="1" npcName="HELPER" /> -->
        <!-- <farmland id="16" priceScale="1" npcName="ANIMAL_DEALER" /> -->
        <!-- <farmland id="17" priceScale="1" npcName="FORESTER" /> -->
        <!-- <farmland id="18" priceScale="1" npcName="FORESTER" /> -->
        <!-- <farmland id="19" priceScale="1" npcName="GRANDPA" /> -->
        <!-- <farmland id="20" priceScale="1" npcName="FORESTER" /> -->
        <!-- <farmland id="21" priceScale="1" npcName="GRANDPA" /> -->
        <!-- <farmland id="22" priceScale="1" npcName="HELPER" /> -->
        <!-- <farmland id="23" priceScale="1" npcName="GRANDPA" /> -->
        <!-- <farmland id="24" priceScale="1" npcName="FARMER" /> -->
        <!-- <farmland id="25" priceScale="1" npcName="ANIMAL_DEALER" /> -->
        <!-- <farmland id="26" priceScale="1" npcName="GRANDPA" /> -->
        <!-- <farmland id="27" priceScale="1" npcName="GRANDPA" /> -->
        <!-- <farmland id="28" priceScale="1" npcName="HELPER" /> -->
        <!-- <farmland id="29" priceScale="1" npcName="HELPER" /> -->
        <!-- <farmland id="30" priceScale="1" npcName="ANIMAL_DEALER" /> -->
        <!-- <farmland id="31" priceScale="1" npcName="ANIMAL_DEALER" /> -->
        <!-- <farmland id="32" priceScale="1" npcName="GRANDPA" /> -->
        <!-- <farmland id="33" priceScale="1" npcName="FORESTER" /> -->
        <!-- <farmland id="34" priceScale="1" npcName="ANIMAL_DEALER" /> -->
        <!-- <farmland id="35" priceScale="1" npcName="GRANDPA" /> -->
        <!-- <farmland id="36" priceScale="1" npcName="GRANDPA" /> -->
        <!-- <farmland id="37" priceScale="1" npcName="FORESTER" /> -->
        <!-- <farmland id="38" priceScale="1" npcName="GRANDPA" /> -->
        <!-- <farmland id="39" priceScale="1.4" npcName="FORESTER" /> -->
        <!-- <farmland id="40" priceScale="1" npcName="GRANDPA" /> -->
        <!-- <farmland id="41" priceScale="1" npcName="ANIMAL_DEALER" /> -->
        <!-- <farmland id="42" priceScale="1" npcName="ANIMAL_DEALER" /> -->
        <!-- <farmland id="43" priceScale="1" npcName="HELPER" /> -->
        <!-- <farmland id="44" priceScale="1" npcName="GRANDPA" /> -->
        <!-- <farmland id="45" priceScale="1" npcName="ANIMAL_DEALER" /> -->
        <!-- <farmland id="46" priceScale="1" npcName="HELPER" /> -->
        <!-- <farmland id="47" priceScale="1" npcName="GRANDPA" /> -->
        <!-- <farmland id="48" priceScale="1" npcName="FORESTER" /> -->
        <!-- <farmland id="49" priceScale="1" npcName="GRANDPA" /> -->
        <!-- <farmland id="50" priceScale="1" npcName="ANIMAL_DEALER" /> -->
        <!-- <farmland id="51" priceScale="1" npcName="HELPER" /> -->
        <!-- <farmland id="52" priceScale="1" npcName="FARMER" /> -->
        <!-- <farmland id="53" priceScale="1" npcName="ANIMAL_DEALER" /> -->
        <!-- <farmland id="54" priceScale="1" npcName="ANIMAL_DEALER" /> -->
        <!-- <farmland id="55" priceScale="1" npcName="FORESTER" /> -->
        <!-- <farmland id="56" priceScale="1" npcName="ANIMAL_DEALER" /> -->
        <!-- <farmland id="57" priceScale="1" npcName="GRANDPA" /> -->
        <!-- <farmland id="58" priceScale="1" npcName="GRANDPA" /> -->
        <!-- <farmland id="59" priceScale="1" npcName="HELPER" /> -->
        <!-- <farmland id="60" priceScale="1" npcName="GRANDPA" /> -->
        <!-- <farmland id="61" priceScale="1" npcName="GRANDPA" /> -->
        <!-- <farmland id="62" priceScale="1" npcName="GRANDPA" /> -->
        <!-- <farmland id="63" priceScale="1" npcName="FORESTER" /> -->
        <!-- <farmland id="64" priceScale="1" npcName="FARMER" /> -->
        <!-- <farmland id="65" priceScale="1" npcName="FORESTER" /> -->
        <!-- <farmland id="66" priceScale="1" npcName="FORESTER" /> -->
        <!-- <farmland id="67" priceScale="1" npcName="GRANDPA" /> -->
        <!-- <farmland id="68" priceScale="1" npcName="ANIMAL_DEALER" /> -->
        <!-- <farmland id="69" priceScale="1" npcName="FORESTER" /> -->
        <!-- <farmland id="70" priceScale="1" npcName="GRANDPA" /> -->
        <!-- <farmland id="71" priceScale="1" npcName="ANIMAL_DEALER" /> -->
        <!-- <farmland id="72" priceScale="1" npcName="ANIMAL_DEALER" /> -->
        <!-- <farmland id="73" priceScale="1" npcName="FARMER" /> -->
        <!-- <farmland id="74" priceScale="1" npcName="FORESTER" /> -->
        <!-- <farmland id="75" priceScale="1" npcName="FARMER" /> -->
        <!-- <farmland id="76" priceScale="1" npcName="GRANDPA" /> -->
        <!-- <farmland id="77" priceScale="1" npcName="FARMER" /> -->
        <!-- <farmland id="78" priceScale="1" npcName="ANIMAL_DEALER" /> -->
        <!-- <farmland id="79" priceScale="1" npcName="ANIMAL_DEALER" /> -->
        <!-- <farmland id="80" priceScale="1" npcName="FORESTER" /> -->
        <!-- <farmland id="81" priceScale="1" npcName="ANIMAL_DEALER" /> -->
        <!-- <farmland id="82" priceScale="1" npcName="FARMER" /> -->
        <!-- <farmland id="83" priceScale="1" npcName="FARMER" /> -->
        <!-- <farmland id="84" priceScale="1" npcName="FARMER" /> -->
        <!-- <farmland id="85" priceScale="1" npcName="GRANDPA" /> -->
        <!-- <farmland id="86" priceScale="1" npcName="FORESTER" /> -->
        <!-- <farmland id="87" priceScale="1" npcName="GRANDPA" /> -->
        <!-- <farmland id="88" priceScale="1" npcName="FARMER" /> -->
        <!-- <farmland id="89" priceScale="1" npcName="FARMER" /> -->
        <!-- <farmland id="90" priceScale="1" npcName="HELPER" /> -->
        <!-- <farmland id="91" priceScale="1" npcName="FORESTER" /> -->
        <!-- <farmland id="92" priceScale="1" npcName="FORESTER" /> -->
        <!-- <farmland id="93" priceScale="2.288123" npcName="FARMER" showOnFarmlandsScreen="false" />  BGA, farmland bought via placeable -->
    </farmlands>
</map>
