﻿<?xml version="1.0" encoding="utf-8" standalone="no" ?>
<map width="2048" height="2048" imageFilename="map/data/map_overview.png"  mapFieldColor="0.1500 0.1195 0.0953" mapGrassFieldColor="0.1470 0.1441 0.0823" xmlns:xsi="http://www.w3.org/2001/XMLSchema-instance" xsi:noNamespaceSchemaLocation="../../../shared/xml/schema/mission00.xsd">
    <filename>map/mapUS.i3d</filename>

    <culling xzOffset="100" />
    <densityMap revision="1" />
    <terrainLodTexture revision="1" />
    <splitShapes revision="1" />
    <tipCollision revision="1" />
    <placementCollision revision="1" />
    <navigationCollision revision="1" />

    <shop filename="$data/store/ui/shop.xml" />
    <storeItems filename="map/xml/storeItems.xml" />

    <sounds filename="$data/maps/mapUS/sounds/sounds.xml" />
    <environment filename="$data/maps/mapUS/config/environment.xml" />
    <weed filename="$data/maps/mapUS/config/weed.xml" />
    <fieldGround filename="$data/maps/mapUS/config/fieldGround.xml" />
    <farmlands filename="map/xml/farmlands.xml" />
    <fields filename="map/xml/fields.xml" />
    <aiSystem filename="$data/maps/mapUS/config/aiSystem.xml" />

    <animals filename="$dataS/character/animals.xml">
        <names filename="$dataS/character/animalNames.xml" />
        <food filename="$dataS/character/animalFood.xml" />
    </animals>

    <npcs filename="$data/maps/maps_npcs.xml" />
    <wildlife filename="$data/animals/wildlife/wildlife.xml" />

    <licensePlates filename="$data/maps/mapUS/licensePlates/licensePlatesUS.xml"/>

    <helpline filename="$dataS/helpLine.xml" />
    <gameplayHints filename="$dataS/gameplayHints.xml" />

    <treeTypes maxNumTrees="14000" />
    <bales filename="$data/maps/maps_bales.xml"/>
    <motionPathEffects filename="$data/effects/motionPathEffects.xml"/>

    <fruitTypes>
        <fruitType filename="$data/foliage/meadow/meadowUS/meadowUS.xml"/>
    </fruitTypes>

    <fruitTypeCategories>
        <fruitTypeCategory name="MOWER">MEADOW</fruitTypeCategory>
    </fruitTypeCategories>

    <additionalFiles>
        <additionalFile filename="$data/shared/materialHolders/tensionBelts/tensionBeltMaterialHolder.i3d" />
        <additionalFile filename="$data/shared/materialHolders/tireTrackMaterialHolder.i3d" />
        <additionalFile filename="$data/shared/materialHolders/waterSimulationMaterialHolder.i3d" />
        <additionalFile filename="$data/fillPlanes/fillPlane_materialHolder.i3d" />
        <additionalFile filename="$data/objects/bales/wrapBale_materialHolder.i3d" />
        <additionalFile filename="$data/effects/effects.xml" />
    </additionalFiles>

    <!-- add all foliage layers that are not fruits. You need to define these foliage layers to be able to remove them with a cultivator or plow -->
    <decoFoliages>
        <decoFoliage layerName="decoFoliage" startChannel="0" numChannels="4" mowable="true"/>
        <decoFoliage layerName="forestPlants" startChannel="0" numChannels="4" mowable="true"/>
        <decoFoliage layerName="waterPlants" startChannel="0" numChannels="4" mowable="true"/>
        <decoFoliage layerName="decoBushUS" startChannel="0" numChannels="4" />
        <decoFoliage layerName="decoBush" startChannel="0" numChannels="4" />

        <mapping name="grassShort" layerName="decoFoliage" state="9" />
    </decoFoliages>

    <paintableFoliages>
        <paintableFoliage layerName="meadow" startChannel="0" numStateChannels="4" />
        <paintableFoliage layerName="decoBushUS" startChannel="0" numStateChannels="4" />
        <paintableFoliage layerName="decoFoliage" startChannel="0" numStateChannels="4" />
    </paintableFoliages>

    <!-- paintable ground types - need to be defined in map.i3d node TerrainTransformGroup|CombinedLayer -->
    <groundTypeMappings>
    <!-- Base -->
        <groundTypeMapping type="dirt"           title="$l10n_groundType_dirt" layer="MUDLIGHT" />
    <!-- Standard -->
        <groundTypeMapping type="asphalt"        title="$l10n_groundType_asphalt" layer="ASPHALT" />
        <groundTypeMapping type="gravel"         title="$l10n_groundType_gravel" layer="GRAVELSMALL" />
        <groundTypeMapping type="grass"          title="$l10n_groundType_grass" layer="GRASS" />
        <groundTypeMapping type="animalMud"      title="$l10n_groundType_animalMud" layer="MUD_TRACKS" />
        <groundTypeMapping type="concrete"       title="$l10n_groundType_concrete" layer="CONCRETE" />
    <!-- Special -->
        <groundTypeMapping type="forestGround"   title="$l10n_groundType_forestGround" layer="FOREST_GRASS" />
        <groundTypeMapping type="rock"           title="$l10n_groundType_rock" layer="MOUNTAINROCK" />
        <groundTypeMapping type="tiles01"           title="$l10n_groundType_cobblestones" layer="ROCK_FLOOR_TILES" />
        <groundTypeMapping type="tiles02"           title="$l10n_groundType_flagstones" layer="ROCK_FLOOR_TILES_PATTERN" />
    </groundTypeMappings>
</map>